{
    "TYPES": {
        "Actor": {
            "vampire": "Вампир",
            "ghoul": "Упырь",
            "mortal": "Смертный",
            "hunter": "Охотник",
            "werewolf": "Оборотень",
            "spc": "Персонаж Рассказчика",
            "group": "Лист Котерии"
        },
        "Item": {
            "boon": "Долг",
            "customRoll": "Уникальная проверка",
            "feature": "Преимущества",
            "gift": "Дар",
            "perk": "Улучшение",
            "power": "Дисциплина"
        }
    },
  
    "WOD5E": {
        "_COMMENT": "This localization file has missing translations, marked with an underscore before the string. If you have a translation, please submit a pull request!",

        "Name": "Название",
        "Confirm": "Подтвердить",
        "Close": "Отмена",
        "Save": "Сохранить",
        "_Submit": "",
        "System": "Бросок",
        "Edit": "Изменить",
        "Delete": "Удалить",
        "Level": "Уровень",
        "Add": "Добавить",
        "Cancel": "Отмена",
        "Health": "Здоровье",
        "Willpower": "Воля",
        "Exp": "Опыт",
        "None": "Нет",
        "Value": "Значение",

        "Mortal": "Смертный",
        "GroupSheet": "Лист Котерии",

        "_OpenSheet": "Открыть лист",
        "_RemoveFromGroup": "Удалить из групы",
        "_NoGroupMembers": "Нету персонажей в группе",

        "RollList": {
            "Label": "Проверка",
            "RollMode": "Режим броска",
            "MortalDice": "Кости смертного",
            "SelectRoll": "Сформируйте проверку",
            "Success": "Успех",
            "Successes": "Успехов",
            "CriticalSuccess": "Критический успех",
            "Fail": "Провал",
            "Modifier": "Модификатор",
            "Difficulty": "Сложность",
            "SelectableModifiers": "Выбранные модификаторы",
            "Source": "Источник",
            "Active": "Активиный",
            "CustomModifiers": "Пользовательские модификаторы",
            "AddCustomModifier": "Добавить пользовательский модификатор",
            "Total": "Результат"
        },

        "Bonus": {
            "NewSpecialty": "Новая специализация",
            "AddNewSpecialty": "Добавить новую специализацию",
            "NewBonus": "Новый бонус",
            "AddNewBonus": "Добавить новый бонус",
            "Active": "Активен",
            "_ActiveWhen": "",
            "_Always": "",
            "_Never": "",
            "_IfEquals": "",
            "_Path": "",
            "_PathsSeparatedBySemicolons": "",
            "_DisplayWhenInactive": "",
            "_Unless": "",
            "_PathToCheck": "",
            "_ValueToCheck": "",
            "_IfPathIs": ""
        },

        "SPC": {
            "Label": "Персонаж Рассказчика",
            "GeneralDifficulty": "Общая сложность",
            "StandardDicePools": "Универсальные пулы",
            "ExceptionalDicePools": "Профессиональные навыки",
            "Physical": "Физическтй",
            "Mental": "Ментальный",
            "Social": "Социальный",
            "AddSkill": "Добавить навык",
            "SelectSkill": "Выбор навыка"
        },

        "Damage": {
            "Superficial": "Поверхностный",
            "Aggravated": "Летальный",
            "Stains": "Пятна",
            "Max": "Максимум"
        },

        "Tabs": {
            "Members": "Участники",
            "Stats": "Параметры",
            "Features": "Преимущества",
            "Description": "Описание",
            "Equipment": "Снаряжение",
            "Notes": "Заметки",
            "Other": "Прочее"
        },

        "AttributesList": {
            "Label": "Характеристика",
            "Attributes": "Характеристики",
            "Strength": "Сила",
            "Charisma": "Харизма",
            "Intelligence": "Интеллект",
            "Dexterity": "Ловкость",
            "Manipulation": "Манипуляция",
            "Wits": "Смекалка",
            "Stamina": "Выносливость",
            "Composure": "Самообладание",
            "Resolve": "Решительность"
        },

        "SkillsList": {
            "Label": "Навык",
            "Skills": "Навыки",
            "Specialty": "Специализация",
            "Specialties": "Специализации",
            "Athletics": "Атлетика",
            "AnimalKen": "Дрессировка",
            "Academics": "Гуманитарные науки",
            "Brawl": "Борьба",
            "Etiquette": "Этикет",
            "Awareness": "Внимательность",
            "Craft": "Ремесло",
            "Insight": "Проницательность",
            "Finance": "Финансы",
            "Drive": "Вождение",
            "Intimidation": "Запугивание",
            "Investigation": "Расследование",
            "Firearms": "Стрельба",
            "Leadership": "Лидерство",
            "Medicine": "Медицина",
            "Melee": "Фехтование",
            "Performance": "Исполнение",
            "Occult": "Оккультизм",
            "Larceny": "Воровство",
            "Persuasion": "Убеждение",
            "Politics": "Политика",
            "Stealth": "Скрытность",
            "Streetwise": "Знание улиц",
            "Science": "Точные науки",
            "Survival": "Выживание",
            "Subterfuge": "Хитрость",
            "Technology": "Техника"
        },

        "ItemsList": {
            "_Label": "",
            "ShowToChat": "Вывести в чат",
            "CustomRoll": "Уникальная проверка",
            "CustomRolls": "Уникальные проверки",
            "Merit": "Достоинства",
            "Cost": "Стоимость",
            "Flaw": "Недостатки",
            "Bonuses": "Бонусы",
            "Background": "Факты биографии",
            "Points": "Точки",
            "UseSkill": "Использовать навыки",
            "Rollable": "Требует броска",
            "Feature": "Преимущества",
            "FeatureType": "Тип преимущества",
            "Type": "Тип",
            "NewSpecialty": "Новая специализация",
            "Boon": "Долг",
            "Boons": "Долги",
            "Macro": "Макрос",
            "_SelectFeature": ""
        },

        "BiographyList": {
            "Label": "Биография",
            "Concept": "Концепция",
            "Chronicle": "Хроника",
            "Ambition": "Цель",
            "Desire": "Прихоть",
            "ChronicleTenets": "Тема хроники",
            "TouchstonesAndConvictions": "Опоры и принципы",
            "Appearance": "Внешность",
            "History": "История"
        },

        "DiceRoller": {
            "AttributeShortLabel": "Х",
            "SkillShortLabel": "Н",
            "DisciplineShortLabel": "Д",
            "NothingShortLabel": "⊘",
            "SelectAbility": "Выбор Характеристики"
        },

        "Chat": {
            "RollingWillpower": "Бросок Воли",
            "Rolling": "Бросок",
            "_RollWillpower": "",
            "WillpowerReroll": "Переброс за Волю",
            "_WillpowerFullTitle": "",
            "WillpowerFull": "Воля исчерпана, нельзя нанести больше урона Воле.",
            "_WillpowerDamage": "",
            "_HasReceivedWillpowerDamage": "{actor} {willpowerDamage}"
        },

        "Macro": {
            "MacroID": "ID Макроса",
            "MacroNote": "Если макрос был указан, то он будет выполнен непосредственно после нажатия на элемент или выполнения броска."
        },

        "Settings": {
            "_SaveChanges": "",
    
            "_Modifications": "",
            "_Custom": "",
    
            "_Rename": "",
            "_Hidden": "",
    
            "_AddAttributeModification": "",
            "_AddSkillModification": "",
            "_AddCustomAttribute": "",
            "_AddCustomSkill": "",
    
            "_AttributeType": "",
            "_SkillType": "",
    
            "_WorldVersion": "",
            "_WorldVersionHint": "",
    
            "_DarkTheme": "",
            "_DarkThemeHint": "",
    
            "_ActorBanner": "",
            "_ActorBannerHint": "",
    
            "_AutomationSettings": "",
            "_AutomationSettingsHint": "",
    
            "_DisableAutomation": "",
            "_DisableAutomationHint": "",
    
            "_AutomateWillpower": "",
            "_AutomateWillpowerHint": "",
    
            "_AutomateHunger": "",
            "_AutomateHungerHint": "",
    
            "_AutomateOblivion": "",
            "_AutomateOblivionHint": "",
    
            "_AutomateRage": "",
            "_AutomateRageHint": "",
    
            "_StorytellerMenu": "",
            "_StorytellerMenuHint": "",
    
            "_ModifiedAttributes": "",
            "_ModifiedAttributesHint": "",
    
            "_ModifiedSkills": "",
            "_ModifiedSkillsHint": "",
    
            "_CustomAttributes": "",
            "_CustomAttributesHint": "",
    
            "_CustomSkills": "",
            "_CustomSkillsHint": ""
        }
    }
}
