{
  "WOD5E": {
    "HTR": {
      "Label": "Охотник",

      "_HunterDice": "",
      "DesperationDice": "Кости Отчаяния",
        
      "Despair": "Отчаянье",
      "Creed": "Кредо",
      "CreedFields": "Поля Кредо",
      "Cell": "Ячейка",
      "Redemption": "Искупление",
      "_Edge": "",
      "Edges": "Грани",
      "_EdgeType": "",
      "AddEdge": "Добавить Грань",
      "SelectEdge": "Выбор Грани",
      "AddPerk": "Добавить Способность",
      "_NewPerk": "",
      "Desperation": "Отчаян",
      "Danger": "Опасность",
      "DesperationSuccess": "Успех с Перегрузкой или Отчаянный провал",
      "PossibleDesperationFailure": "Возможная Перегрузка или Отчаянный провал",
      "DespairFailure": "Отчаянный провал",
      "DesperationUnavailable": "Кости недоступны при Отчаяньи",
      "Drive": "Мотивация",

      "Arsenal": "Арсенал",
      "Fleet": "Флот",
      "Ordnance": "Артиллерия",
      "Library": "Библиотека",
      "ImprovisedGear": "Импровизированное снаряжение",
      "GlobalAccess": "Глобальный доступ",
      "DroneJockey": "Дрон-жокей",
      "BeastWhisperer": "Дрессировщик",
      "SenseTheUnnatural": "Чувство Противоестественного",
      "RepelTheUnnatural": "Оттолкнуть Противоестественное",
      "ThwartTheUnnatural": "Помешать Противоестественному",
      "Artifact": "Артефакт"
    }
  }
}
