{
    "VTM5E.Name": "Название",
    "VTM5E.Clan": "Клан",
    "VTM5E.Predator": "Охотник",

    "VTM5E.Vampire": "Вампир",
    "VTM5E.Coterie": "Котерия",
    "VTM5E.Ghoul": "Упырь",
    "VTM5E.Mortal": "Смертный",
    "VTM5E.Domitor": "Домитор",
    "VTM5E.Hunter": "Охотник",
    
    "VTM5E.Despair": "Отчаянье",
    "VTM5E.Creed": "Кредо",
    "VTM5E.CreedFields": "Поля Кредо",
    "VTM5E.Cell": "Ячейка",
    "VTM5E.Redemption": "Искупление",
    "VTM5E.Edges": "Грани",
    "VTM5E.AddEdge": "Добавить Грань",
    "VTM5E.SelectEdge": "Выбор Грани",
    "VTM5E.AddPerk": "Добавить Способность",
    "VTM5E.Desperation": "Отчаяние",
    "VTM5E.Danger": "Опасность",
    "VTM5E.DesperationDice": "Кости Отчаяния",
    "VTM5E.DesperationSuccess": "Успех с перегрузкой",
    "VTM5E.PossibleDesperationFailure": "Возможный отчаяный провал",
    "VTM5E.DespairFailure": "Отчаяный провал!",
    "VTM5E.DesperationUnavailable": "Кости недоступны при Отчаяньи",

    "VTM5E.Arsenal": "Арсенал",
    "VTM5E.Fleet": "Флот",
    "VTM5E.Ordnance": "Артиллерия",
    "VTM5E.Library": "Библиотека",
    "VTM5E.ImprovisedGear": "Импровизированное снаряжение",
    "VTM5E.GlobalAccess": "Глобальный Доступ",
    "VTM5E.DroneJockey": "Дрон-Жокей",
    "VTM5E.BeastWhisperer": "Дрессировщик",
    "VTM5E.SenseTheUnnatural": "Чувство Противоестественного",
    "VTM5E.RepelTheUnnatural": "Оттолкнуть Противоестественное",
    "VTM5E.ThwartTheUnnatural": "Помешать Противоестественному",
    "VTM5E.Artifact": "Артефакт",

    "VTM5E.SPC": "Персонаж Рассказчика",
    "VTM5E.GeneralDifficulty": "Общая сложность",
    "VTM5E.StandardDicePools": "Универсальные пулы",
    "VTM5E.ExceptionalDicePools": "Профессиональные навыки",
    "VTM5E.Physical": "Физическтй",
    "VTM5E.Mental": "Ментальный",
    "VTM5E.Social": "Социальный",
    "VTM5E.AddSkill": "Добавить навык",
    "VTM5E.SelectSkill": "Выбор навыка",

    "VTM5E.Health": "Здоровье",
    "VTM5E.Willpower": "Сила Воли",
    "VTM5E.WillpowerReroll": "Переброс за Силу Воли",
    "VTM5E.WillpowerFull": "Сила Воли исчерпана - ей нельзя нанести больше урона.",
    "VTM5E.Exp": "Опыт",
    "VTM5E.Humanity": "Человечность",
    "VTM5E.Hunger": "Голод",
    "VTM5E.HungerFull": "Максимальный голод - его нельзя увеличить.",
    "VTM5E.Rouse": "Проверка Голода",
    "VTM5E.Frenzy": "Проверка Ярости",
    "VTM5E.Remorse": "Сожаление",
    "VTM5E.Roll": "Бросить",

    "VTM5E.Superficial": "Поверхностный",
    "VTM5E.Aggravated": "Летальный",
    "VTM5E.Value": "Значение",
    "VTM5E.Stains": "Пятна",
    "VTM5E.Max": "Максимум",

    "VTM5E.Stats": "Параметры",
    "VTM5E.Disciplines": "Дисциплины",
    "VTM5E.Features": "Преимущества",
    "VTM5E.Blood": "Кровь",
    "VTM5E.Description": "Описание",
    "VTM5E.Equipment": "Снаряжение",
    "VTM5E.Notes": "Заметки",
    "VTM5E.Boons": "Долги",
    "VTM5E.Type": "Тип",
    "VTM5E.Other": "Прочее",
    "VTM5E.Attributes": "Характеристики",
    "VTM5E.Attribute": "Характеристика",

    "VTM5E.Abilities": "Способности",
    "VTM5E.Strength": "Сила",
    "VTM5E.Charisma": "Обаяние",
    "VTM5E.Intelligence": "Интеллект",
    "VTM5E.Dexterity": "Ловкость",
    "VTM5E.Manipulation": "Манипуляция",
    "VTM5E.Wits": "Смекалка",
    "VTM5E.Stamina": "Выносливость",
    "VTM5E.Composure": "Самообладание",
    "VTM5E.Resolve": "Упорство",

    "VTM5E.Skills": "Навыки",
    "VTM5E.Athletics": "Атлетика",
    "VTM5E.AnimalKen": "Дрессировка",
    "VTM5E.Academics": "Гуманитарные науки",
    "VTM5E.Brawl": "Борьба",
    "VTM5E.Etiquette": "Этикет",
    "VTM5E.Awareness": "Внимательность",
    "VTM5E.Craft": "Ремесло",
    "VTM5E.Insight": "Проницательность",
    "VTM5E.Finance": "Финансы",
    "VTM5E.Drive": "Вождение",
    "VTM5E.Intimidation": "Запугивание",
    "VTM5E.Investigation": "Расследование",
    "VTM5E.Firearms": "Стрельба",
    "VTM5E.Leadership": "Лидерство",
    "VTM5E.Medicine": "Медицина",
    "VTM5E.Melee": "Фехтование",
    "VTM5E.Performance": "Исполнение",
    "VTM5E.Occult": "Оккультизм",
    "VTM5E.Larceny": "Воровство",
    "VTM5E.Persuasion": "Убеждение",
    "VTM5E.Politics": "Политика",
    "VTM5E.Stealth": "Скрытность",
    "VTM5E.Streetwise": "Знание улиц",
    "VTM5E.Science": "Точные науки",
    "VTM5E.Survival": "Выживание",
    "VTM5E.Subterfuge": "Хитрость",
    "VTM5E.Technology": "Технологии",

    "VTM5E.Specialties": "Специализации",
    "VTM5E.Specialty": "Специализация",
    "VTM5E.Skill": "Навык",
    "VTM5E.AddItem": "Добавить",
    "VTM5E.ShowToChat": "Вывести в чат",
    "VTM5E.Edit": "Изменить",
    "VTM5E.Delete": "Удалить",
    "VTM5E.CustomRolls": "Уникальные проверки",
    "VTM5E.CustomRoll": "Уникальная проверка",
    "VTM5E.Boon": "Долг",
    
    "VTM5E.Level": "Уровень",
    "VTM5E.Add": "Добавить",
    "VTM5E.AddPower": "Добавить способность",
    "VTM5E.SelectDiscipline": "Дисциплина",
    "VTM5E.AddDiscipline": "Добавить Дисциплину",
    "VTM5E.Animalism": "Анимализм",
    "VTM5E.Auspex": "Ясновидение",
    "VTM5E.Celerity": "Стремительность",
    "VTM5E.Dominate": "Доминирование",
    "VTM5E.Fortitude": "Стойкость",
    "VTM5E.Obfuscate": "Сокрытие",
    "VTM5E.Potence": "Мощь",
    "VTM5E.Presence": "Величие",
    "VTM5E.Protean": "Метаморфозы",
    "VTM5E.BloodSorcery": "Кровавое чародейство",
    "VTM5E.Oblivion": "Бездна",
    "VTM5E.ThinBloodAlchemy": "Алхимия слабокровных",
    "VTM5E.Rituals": "Ритуалы",
    "VTM5E.Ceremonies": "Церемонии",

    "VTM5E.AddFeat": "Добавить",
    "VTM5E.Merit": "Достоинства",
    "VTM5E.Flaw": "Недостатки",
    "VTM5E.Background": "Факты биографии",
    "VTM5E.Points": "Точки",

    "VTM5E.BloodPotency": "Сила крови",
    "VTM5E.BloodResonance": "Резонанс",
    "VTM5E.BloodSurge": "Прилив Крови",
    "VTM5E.MendAmount": "Заживление",
    "VTM5E.PowerBonus": "Модификатор пула Дисциплин",
    "VTM5E.RouseReRoll": "Повторное испытание Голода",
    "VTM5E.FeedingPenalty": "Проблемы с питанием",
    "VTM5E.BaneSeverity": "Тяжесть изъяна",

    "VTM5E.None": "Нет",
    "VTM5E.Add1Dice": "+ 1 кость",
    "VTM5E.Add2Dice": "+ 2 кости",
    "VTM5E.Add3Dice": "+ 3 кости",
    "VTM5E.Add4Dice": "+ 4 кости",
    "VTM5E.Add5Dice": "+ 5 костей",
    "VTM5E.Add6Dice": "+ 6 костей",
    "VTM5E.1SuperficialDamage": "1 пункт поверхностного урона",
    "VTM5E.2SuperficialDamage": "2 пункта поверхностного урона",
    "VTM5E.3SuperficialDamage": "3 пункта поверхностного урона",
    "VTM5E.4SuperficialDamage": "4 пункта поверхностного урона",
    "VTM5E.5SuperficialDamage": "5 пунктов поверхностного урона",
    "VTM5E.Level1": "Уровень 1",
    "VTM5E.Level2": "Уровень 2 и ниже",
    "VTM5E.Level3": "Уровень 3 и ниже",
    "VTM5E.Level4": "Уровень 4 и ниже",
    "VTM5E.Level5": "Уровень 5 и ниже",
    "VTM5E.NoEffect": "Нет",
    "VTM5E.FeedingPenalty1": "Донорская кровь из пакетов и кровь животных утоляет Голод в 2 раза хуже.",
    "VTM5E.FeedingPenalty2": "Донорская кровь из пакетов и кровь животных не утоляет Голод.",
    "VTM5E.FeedingPenalty3": "Донорская кровь из пакетов и кровь животных вообще не утоляет Голод. Укусив человека, вампир убирает на 1 пункт Голода меньше.",
    "VTM5E.FeedingPenalty4": "Донорская кровь из пакетов и кровь животных вообще не утоляет Голод. Укусив человека, вампир убирает на 1 пункт Голода меньше. Не убивая человека, вампир может снизить значение Голода только до 2.",
    "VTM5E.FeedingPenalty5": "Донорская кровь из пакетов и кровь животных вообще не утоляет Голод. Укусив человека, вампир убирает на 2 пункта Голода меньше. Не убивая человека, вампир может снизить значение Голода только до 2.",
    "VTM5E.FeedingPenalty6": "Донорская кровь из пакетов и кровь животных вообще не утоляет Голод. Укусив человека, вампир убирает на 2 пункта Голода меньше. Не убивая человека, вампир может снизить значение Голода только до 3.",
    "VTM5E.FeedingPenalty7": "Донорская кровь из пакетов и кровь животных вообще не утоляет Голод. Укусив человека, вампир убирает на 3 пункта Голода меньше. Не убивая человека, вампир может снизить значение Голода только до 3.",

    "VTM5E.Concept": "Концепция",
    "VTM5E.Chronicle": "Хроника",
    "VTM5E.Ambition": "Цель",
    "VTM5E.Sire": "Сир",
    "VTM5E.Desire": "Прихоть",
    "VTM5E.Generation": "Поколение",
    "VTM5E.ChronicleTenets": "Тема хроники",
    "VTM5E.TouchstonesAndConvictions": "Опоры и принципы",
    "VTM5E.ClanBane": "Клановый изъян",
    "VTM5E.Biography": "Биография",
    "VTM5E.Appearance": "Внешность",
    "VTM5E.History": "История",

    "VTM5E.Discipline": "Дисциплина",
    "VTM5E.System": "Бросок",
    "VTM5E.Rollable": "Требует броска",
    "VTM5E.UseSkill": "Использовать навыки",
    "VTM5E.Amalgam": "Амальгама",
    "VTM5E.FeatureType": "Тип преимущества",

    "VTM5E.AttributeShortLabel": "Х",
    "VTM5E.SkillShortLabel": "Н",
    "VTM5E.DisciplineShortLabel": "Д",
    "VTM5E.NothingShortLabel": "⊘",
    "VTM5E.RollRouse": "Проверка Голода",
    "VTM5E.RollWillpower": "Проверка Воли",
    "VTM5E.RollFrenzy": "Проверка Ярости",
    "VTM5E.RollRemorse": "Проверка Сожаления",

    "VTM5E.RollingWillpower": "Бросок Воли",
    "VTM5E.RollingRemorse": "Бросок Сожаления",
    "VTM5E.RousingBlood": "Проверка Голода",
    "VTM5E.ResistingFrenzy": "Сопротивление Ярости",
    "VTM5E.CriticalSuccess": "Успех!",
    "VTM5E.Success": "Успех!",
    "VTM5E.Successes": "Успехов",
    "VTM5E.Fail": "Провал!",
    "VTM5E.MessyCritical": "Кровавый успех!",
    "VTM5E.BestialFailure": "Кровавый провал!",
    "VTM5E.PossibleBestialFailure": "Возможный кровавый провал!",
    "VTM5E.Modifier": "Модификатор?",
    "VTM5E.Difficulty": "Сложность?",
    "VTM5E.Rolling": "Бросок",
    "VTM5E.Cancel": "Отмена",
    "VTM5E.SelectAbility": "Выбор Характеристики"
}